CYCLE,ROM_VAL,IR,D,BUS,ALU,AC,RAM_ADDR,JMP,ROM_ADDR,
000,8018,00011000,10000000,00000000,00000000,00000000,0000000000000000,0,0000000000000010,
001,c018,00011000,11000000,10000000,10000000,00000000,0000000010000000,0,0000000000000011,
002,7fc1,11000001,01111111,11000000,11000000,00000000,0000000011000000,0,0000000000000100,
003,7cc1,11000001,01111100,01100000,00000000,00000000,0000000001111111,0,0000000000000101,
004,0100,00000000,00000001,01100000,00000000,00000000,0000000001111100,0,0000000000000110,
005,01d6,11010110,00000001,00000001,00000001,00000001,0000000000000001,0,0000000000000111,
006,ff00,00000000,11111111,00000001,00000001,00000001,0000000000000001,0,0000000000001000,
007,0069,01101001,00000000,11111111,11111111,11111111,0000000011111111,0,0000000000001001,
008,00ca,11001010,00000000,10100100,01011011,01011011,0000000100000000,0,0000000000001010,
009,00c2,11000010,00000000,01011011,01011011,01011011,0000000100000000,0,0000000000001011,
010,0069,01101001,00000000,01011011,01011011,01011011,0000000000000000,0,0000000000001100,
011,0cec,11101100,00001100,01011011,00000000,00000000,0000000100000000,0,0000000000001101,
012,ff00,00000000,11111111,00001100,00000000,00000000,0000000000001100,1,0000000000001110,
013,0069,01101001,00000000,11111111,11111111,11111111,0000000011111111,0,0000000000001111,
014,00ca,11001010,00000000,01011011,10100100,10100100,0000000100000000,0,0000000000010000,
015,0061,01100001,00000000,10100100,10100100,10100100,0000000100000000,0,0000000000010001,
016,15f0,11110000,00010101,01011011,11111111,11111111,0000000000000000,0,0000000000010010,
017,0101,00000001,00000001,00010101,00000001,11111111,0000000000010101,1,0000000000010011,
018,06fc,11111100,00000110,00000001,00000001,00000001,0000000000000001,0,0000000000010100,
019,0082,10000010,00000000,00000110,11111111,00000001,0000000000000110,1,0000000000000110,
020,01d6,11010110,00000001,00000001,00000010,00000010,0000000000000000,0,0000000000000111,
021,ff00,00000000,11111111,00000010,00000010,00000010,0000000000000001,0,0000000000001000,
022,0069,01101001,00000000,11111111,11111111,11111111,0000000011111111,0,0000000000001001,
023,00ca,11001010,00000000,00111000,11000111,11000111,0000001000000000,0,0000000000001010,
024,00c2,11000010,00000000,11000111,11000111,11000111,0000001000000000,0,0000000000001011,
025,0069,01101001,00000000,11000111,11000111,11000111,0000000000000000,0,0000000000001100,
026,0cec,11101100,00001100,11000111,00000000,00000000,0000001000000000,0,0000000000001101,
027,ff00,00000000,11111111,00001100,00000000,00000000,0000000000001100,1,0000000000001110,
028,0069,01101001,00000000,11111111,11111111,11111111,0000000011111111,0,0000000000001111,
029,00ca,11001010,00000000,11000111,00111000,00111000,0000001000000000,0,0000000000010000,
030,0061,01100001,00000000,00111000,00111000,00111000,0000001000000000,0,0000000000010001,
031,15f0,11110000,00010101,11000111,11111111,11111111,0000000000000000,0,0000000000010010,
032,0101,00000001,00000001,00010101,00000001,11111111,0000000000010101,1,0000000000010011,
033,06fc,11111100,00000110,00000010,00000010,00000010,0000000000000001,0,0000000000010100,
034,0082,10000010,00000000,00000110,11111110,00000010,0000000000000110,1,0000000000000110,
035,01d6,11010110,00000001,00000010,00000100,00000100,0000000000000000,0,0000000000000111,
036,ff00,00000000,11111111,00000100,00000100,00000100,0000000000000001,0,0000000000001000,
037,0069,01101001,00000000,11111111,11111111,11111111,0000000011111111,0,0000000000001001,
038,00ca,11001010,00000000,10101011,01010100,01010100,0000010000000000,0,0000000000001010,
039,00c2,11000010,00000000,01010100,01010100,01010100,0000010000000000,0,0000000000001011,
040,0069,01101001,00000000,01010100,01010100,01010100,0000000000000000,0,0000000000001100,
041,0cec,11101100,00001100,01010100,00000000,00000000,0000010000000000,0,0000000000001101,
042,ff00,00000000,11111111,00001100,00000000,00000000,0000000000001100,1,0000000000001110,
043,0069,01101001,00000000,11111111,11111111,11111111,0000000011111111,0,0000000000001111,
044,00ca,11001010,00000000,01010100,10101011,10101011,0000010000000000,0,0000000000010000,
045,0061,01100001,00000000,10101011,10101011,10101011,0000010000000000,0,0000000000010001,
046,15f0,11110000,00010101,01010100,11111111,11111111,0000000000000000,0,0000000000010010,
047,0101,00000001,00000001,00010101,00000001,11111111,0000000000010101,1,0000000000010011,
048,06fc,11111100,00000110,00000100,00000100,00000100,0000000000000001,0,0000000000010100,
049,0082,10000010,00000000,00000110,11111100,00000100,0000000000000110,1,0000000000000110,
050,01d6,11010110,00000001,00000100,00001000,00001000,0000000000000000,0,0000000000000111,
051,ff00,00000000,11111111,00001000,00001000,00001000,0000000000000001,0,0000000000001000,
052,0069,01101001,00000000,11111111,11111111,11111111,0000000011111111,0,0000000000001001,
053,00ca,11001010,00000000,11000001,00111110,00111110,0000100000000000,0,0000000000001010,
054,00c2,11000010,00000000,00111110,00111110,00111110,0000100000000000,0,0000000000001011,
055,0069,01101001,00000000,00111110,00111110,00111110,0000000000000000,0,0000000000001100,
056,0cec,11101100,00001100,00111110,00000000,00000000,0000100000000000,0,0000000000001101,
057,ff00,00000000,11111111,00001100,00000000,00000000,0000000000001100,1,0000000000001110,
058,0069,01101001,00000000,11111111,11111111,11111111,0000000011111111,0,0000000000001111,
059,00ca,11001010,00000000,00111110,11000001,11000001,0000100000000000,0,0000000000010000,
060,0061,01100001,00000000,11000001,11000001,11000001,0000100000000000,0,0000000000010001,
061,15f0,11110000,00010101,00111110,11111111,11111111,0000000000000000,0,0000000000010010,
062,0101,00000001,00000001,00010101,00000001,11111111,0000000000010101,1,0000000000010011,
063,06fc,11111100,00000110,00001000,00001000,00001000,0000000000000001,0,0000000000010100,
064,0082,10000010,00000000,00000110,11111000,00001000,0000000000000110,1,0000000000000110,
065,01d6,11010110,00000001,00001000,00010000,00010000,0000000000000000,0,0000000000000111,
066,ff00,00000000,11111111,00010000,00010000,00010000,0000000000000001,0,0000000000001000,
067,0069,01101001,00000000,11111111,11111111,11111111,0000000011111111,0,0000000000001001,
068,00ca,11001010,00000000,10101101,01010010,01010010,0001000000000000,0,0000000000001010,
069,00c2,11000010,00000000,01010010,01010010,01010010,0001000000000000,0,0000000000001011,
070,0069,01101001,00000000,01010010,01010010,01010010,0000000000000000,0,0000000000001100,
071,0cec,11101100,00001100,01010010,00000000,00000000,0001000000000000,0,0000000000001101,
072,ff00,00000000,11111111,00001100,00000000,00000000,0000000000001100,1,0000000000001110,
073,0069,01101001,00000000,11111111,11111111,11111111,0000000011111111,0,0000000000001111,
074,00ca,11001010,00000000,01010010,10101101,10101101,0001000000000000,0,0000000000010000,
075,0061,01100001,00000000,10101101,10101101,10101101,0001000000000000,0,0000000000010001,
076,15f0,11110000,00010101,01010010,11111111,11111111,0000000000000000,0,0000000000010010,
077,0101,00000001,00000001,00010101,00000001,11111111,0000000000010101,1,0000000000010011,
078,06fc,11111100,00000110,00010000,00010000,00010000,0000000000000001,0,0000000000010100,
079,0082,10000010,00000000,00000110,11110000,00010000,0000000000000110,1,0000000000000110,
080,01d6,11010110,00000001,00010000,00100000,00100000,0000000000000000,0,0000000000000111,
081,ff00,00000000,11111111,00100000,00100000,00100000,0000000000000001,0,0000000000001000,
082,0069,01101001,00000000,11111111,11111111,11111111,0000000011111111,0,0000000000001001,
083,00ca,11001010,00000000,10000110,01111001,01111001,0010000000000000,0,0000000000001010,
084,00c2,11000010,00000000,01111001,01111001,01111001,0010000000000000,0,0000000000001011,
085,0069,01101001,00000000,01111001,01111001,01111001,0000000000000000,0,0000000000001100,
086,0cec,11101100,00001100,01111001,00000000,00000000,0010000000000000,0,0000000000001101,
087,ff00,00000000,11111111,00001100,00000000,00000000,0000000000001100,1,0000000000001110,
088,0069,01101001,00000000,11111111,11111111,11111111,0000000011111111,0,0000000000001111,
089,00ca,11001010,00000000,01111001,10000110,10000110,0010000000000000,0,0000000000010000,
090,0061,01100001,00000000,10000110,10000110,10000110,0010000000000000,0,0000000000010001,
091,15f0,11110000,00010101,01111001,11111111,11111111,0000000000000000,0,0000000000010010,
092,0101,00000001,00000001,00010101,00000001,11111111,0000000000010101,1,0000000000010011,
093,06fc,11111100,00000110,00100000,00100000,00100000,0000000000000001,0,0000000000010100,
094,0082,10000010,00000000,00000110,11100000,00100000,0000000000000110,1,0000000000000110,
095,01d6,11010110,00000001,00100000,01000000,01000000,0000000000000000,0,0000000000000111,
096,ff00,00000000,11111111,01000000,01000000,01000000,0000000000000001,0,0000000000001000,
097,0069,01101001,00000000,11111111,11111111,11111111,0000000011111111,0,0000000000001001,
098,00ca,11001010,00000000,00110110,11001001,11001001,0100000000000000,0,0000000000001010,
099,00c2,11000010,00000000,11001001,11001001,11001001,0100000000000000,0,0000000000001011,
100,0069,01101001,00000000,11001001,11001001,11001001,0000000000000000,0,0000000000001100,
101,0cec,11101100,00001100,11001001,00000000,00000000,0100000000000000,0,0000000000001101,
102,ff00,00000000,11111111,00001100,00000000,00000000,0000000000001100,1,0000000000001110,
103,0069,01101001,00000000,11111111,11111111,11111111,0000000011111111,0,0000000000001111,
104,00ca,11001010,00000000,11001001,00110110,00110110,0100000000000000,0,0000000000010000,
105,0061,01100001,00000000,00110110,00110110,00110110,0100000000000000,0,0000000000010001,
106,15f0,11110000,00010101,11001001,11111111,11111111,0000000000000000,0,0000000000010010,
107,0101,00000001,00000001,00010101,00000001,11111111,0000000000010101,1,0000000000010011,
108,06fc,11111100,00000110,01000000,01000000,01000000,0000000000000001,0,0000000000010100,
109,0082,10000010,00000000,00000110,11000000,01000000,0000000000000110,1,0000000000000110,
110,01d6,11010110,00000001,01000000,10000000,10000000,0000000000000000,0,0000000000000111,
111,ff00,00000000,11111111,10000000,10000000,10000000,0000000000000001,0,0000000000001000,
112,0069,01101001,00000000,11111111,11111111,11111111,0000000011111111,0,0000000000001001,
113,00ca,11001010,00000000,11001001,00110110,00110110,1000000000000000,0,0000000000001010,
114,00c2,11000010,00000000,00110110,00110110,00110110,1000000000000000,0,0000000000001011,
115,0069,01101001,00000000,00110110,00110110,00110110,0000000000000000,0,0000000000001100,
116,0cec,11101100,00001100,00110110,00000000,00000000,1000000000000000,0,0000000000001101,
117,ff00,00000000,11111111,00001100,00000000,00000000,0000000000001100,1,0000000000001110,
118,0069,01101001,00000000,11111111,11111111,11111111,0000000011111111,0,0000000000001111,
119,00ca,11001010,00000000,00110110,11001001,11001001,1000000000000000,0,0000000000010000,
120,0061,01100001,00000000,11001001,11001001,11001001,1000000000000000,0,0000000000010001,
121,15f0,11110000,00010101,11001001,00000000,00000000,0000000000000000,0,0000000000010010,
122,0101,00000001,00000001,00010101,00000000,00000000,0000000000010101,1,0000000000010101,
123,ff00,00000000,11111111,10000000,10000000,10000000,0000000000000001,0,0000000000010110,
124,00c2,11000010,00000000,11111111,11111111,11111111,0000000011111111,0,0000000000010111,
125,17ec,11101100,00010111,11111111,11111111,11111111,0000000000000000,0,0000000000011000,
126,01a0,10100000,00000001,00010111,00000001,11111111,0000000000010111,1,0000000000010111,
127,17ec,11101100,00010111,00000001,11111110,11111110,0000000000000001,0,0000000000011000,
128,01a0,10100000,00000001,00010111,00000010,11111110,0000000000010111,1,0000000000010111,
129,17ec,11101100,00010111,00000001,11111101,11111101,0000000000000001,0,0000000000011000,
130,01a0,10100000,00000001,00010111,00000011,11111101,0000000000010111,1,0000000000010111,
131,17ec,11101100,00010111,00000001,11111100,11111100,0000000000000001,0,0000000000011000,
132,01a0,10100000,00000001,00010111,00000100,11111100,0000000000010111,1,0000000000010111,
133,17ec,11101100,00010111,00000001,11111011,11111011,0000000000000001,0,0000000000011000,
134,01a0,10100000,00000001,00010111,00000101,11111011,0000000000010111,1,0000000000010111,
135,17ec,11101100,00010111,00000001,11111010,11111010,0000000000000001,0,0000000000011000,
136,01a0,10100000,00000001,00010111,00000110,11111010,0000000000010111,1,0000000000010111,
137,17ec,11101100,00010111,00000001,11111001,11111001,0000000000000001,0,0000000000011000,
138,01a0,10100000,00000001,00010111,00000111,11111001,0000000000010111,1,0000000000010111,
139,17ec,11101100,00010111,00000001,11111000,11111000,0000000000000001,0,0000000000011000,
140,01a0,10100000,00000001,00010111,00001000,11111000,0000000000010111,1,0000000000010111,
141,17ec,11101100,00010111,00000001,11110111,11110111,0000000000000001,0,0000000000011000,
142,01a0,10100000,00000001,00010111,00001001,11110111,0000000000010111,1,0000000000010111,
143,17ec,11101100,00010111,00000001,11110110,11110110,0000000000000001,0,0000000000011000,
144,01a0,10100000,00000001,00010111,00001010,11110110,0000000000010111,1,0000000000010111,
145,17ec,11101100,00010111,00000001,11110101,11110101,0000000000000001,0,0000000000011000,
146,01a0,10100000,00000001,00010111,00001011,11110101,0000000000010111,1,0000000000010111,
147,17ec,11101100,00010111,00000001,11110100,11110100,0000000000000001,0,0000000000011000,
148,01a0,10100000,00000001,00010111,00001100,11110100,0000000000010111,1,0000000000010111,
149,17ec,11101100,00010111,00000001,11110011,11110011,0000000000000001,0,0000000000011000,
150,01a0,10100000,00000001,00010111,00001101,11110011,0000000000010111,1,0000000000010111,
151,17ec,11101100,00010111,00000001,11110010,11110010,0000000000000001,0,0000000000011000,
152,01a0,10100000,00000001,00010111,00001110,11110010,0000000000010111,1,0000000000010111,
153,17ec,11101100,00010111,00000001,11110001,11110001,0000000000000001,0,0000000000011000,
154,01a0,10100000,00000001,00010111,00001111,11110001,0000000000010111,1,0000000000010111,
155,17ec,11101100,00010111,00000001,11110000,11110000,0000000000000001,0,0000000000011000,
156,01a0,10100000,00000001,00010111,00010000,11110000,0000000000010111,1,0000000000010111,
157,17ec,11101100,00010111,00000001,11101111,11101111,0000000000000001,0,0000000000011000,
158,01a0,10100000,00000001,00010111,00010001,11101111,0000000000010111,1,0000000000010111,
159,17ec,11101100,00010111,00000001,11101110,11101110,0000000000000001,0,0000000000011000,
160,01a0,10100000,00000001,00010111,00010010,11101110,0000000000010111,1,0000000000010111,
161,17ec,11101100,00010111,00000001,11101101,11101101,0000000000000001,0,0000000000011000,
162,01a0,10100000,00000001,00010111,00010011,11101101,0000000000010111,1,0000000000010111,
163,17ec,11101100,00010111,00000001,11101100,11101100,0000000000000001,0,0000000000011000,
164,01a0,10100000,00000001,00010111,00010100,11101100,0000000000010111,1,0000000000010111,
165,17ec,11101100,00010111,00000001,11101011,11101011,0000000000000001,0,0000000000011000,
166,01a0,10100000,00000001,00010111,00010101,11101011,0000000000010111,1,0000000000010111,
167,17ec,11101100,00010111,00000001,11101010,11101010,0000000000000001,0,0000000000011000,
168,01a0,10100000,00000001,00010111,00010110,11101010,0000000000010111,1,0000000000010111,
169,17ec,11101100,00010111,00000001,11101001,11101001,0000000000000001,0,0000000000011000,
170,01a0,10100000,00000001,00010111,00010111,11101001,0000000000010111,1,0000000000010111,
171,17ec,11101100,00010111,00000001,11101000,11101000,0000000000000001,0,0000000000011000,
172,01a0,10100000,00000001,00010111,00011000,11101000,0000000000010111,1,0000000000010111,
173,17ec,11101100,00010111,00000001,11100111,11100111,0000000000000001,0,0000000000011000,
174,01a0,10100000,00000001,00010111,00011001,11100111,0000000000010111,1,0000000000010111,
175,17ec,11101100,00010111,00000001,11100110,11100110,0000000000000001,0,0000000000011000,
176,01a0,10100000,00000001,00010111,00011010,11100110,0000000000010111,1,0000000000010111,
177,17ec,11101100,00010111,00000001,11100101,11100101,0000000000000001,0,0000000000011000,
178,01a0,10100000,00000001,00010111,00011011,11100101,0000000000010111,1,0000000000010111,
179,17ec,11101100,00010111,00000001,11100100,11100100,0000000000000001,0,0000000000011000,
180,01a0,10100000,00000001,00010111,00011100,11100100,0000000000010111,1,0000000000010111,
181,17ec,11101100,00010111,00000001,11100011,11100011,0000000000000001,0,0000000000011000,
182,01a0,10100000,00000001,00010111,00011101,11100011,0000000000010111,1,0000000000010111,
183,17ec,11101100,00010111,00000001,11100010,11100010,0000000000000001,0,0000000000011000,
184,01a0,10100000,00000001,00010111,00011110,11100010,0000000000010111,1,0000000000010111,
185,17ec,11101100,00010111,00000001,11100001,11100001,0000000000000001,0,0000000000011000,
186,01a0,10100000,00000001,00010111,00011111,11100001,0000000000010111,1,0000000000010111,
187,17ec,11101100,00010111,00000001,11100000,11100000,0000000000000001,0,0000000000011000,
188,01a0,10100000,00000001,00010111,00100000,11100000,0000000000010111,1,0000000000010111,
189,17ec,11101100,00010111,00000001,11011111,11011111,0000000000000001,0,0000000000011000,
190,01a0,10100000,00000001,00010111,00100001,11011111,0000000000010111,1,0000000000010111,
191,17ec,11101100,00010111,00000001,11011110,11011110,0000000000000001,0,0000000000011000,
192,01a0,10100000,00000001,00010111,00100010,11011110,0000000000010111,1,0000000000010111,
193,17ec,11101100,00010111,00000001,11011101,11011101,0000000000000001,0,0000000000011000,
194,01a0,10100000,00000001,00010111,00100011,11011101,0000000000010111,1,0000000000010111,
195,17ec,11101100,00010111,00000001,11011100,11011100,0000000000000001,0,0000000000011000,
196,01a0,10100000,00000001,00010111,00100100,11011100,0000000000010111,1,0000000000010111,
197,17ec,11101100,00010111,00000001,11011011,11011011,0000000000000001,0,0000000000011000,
198,01a0,10100000,00000001,00010111,00100101,11011011,0000000000010111,1,0000000000010111,
199,17ec,11101100,00010111,00000001,11011010,11011010,0000000000000001,0,0000000000011000,
200,01a0,10100000,00000001,00010111,00100110,11011010,0000000000010111,1,0000000000010111,
